[
  {
    "value": "mountain rainier national park",
    "synonyms": [
      "mountain rainier national park"
    ]
  },
  {
    "value": "olympic national park",
    "synonyms": [
      "olympic national park"
    ]
  },
  {
    "value": "Crater Lake",
    "synonyms": [
      "Crater Lake"
    ]
  },
  {
    "value": "Glacier National Park",
    "synonyms": [
      "Glacier National Park"
    ]
  },
  {
    "value": "North Cascades",
    "synonyms": [
      "North Cascades"
    ]
  },
  {
    "value": "yellowstone",
    "synonyms": [
      "yellowstone"
    ]
  },
  {
    "value": "Sequoia",
    "synonyms": [
      "Sequoia"
    ]
  },
  {
    "value": "Yosemite",
    "synonyms": [
      "Yosemite"
    ]
  },
  {
    "value": "Arches",
    "synonyms": [
      "Arches"
    ]
  },
  {
    "value": "Badlands",
    "synonyms": [
      "Badlands"
    ]
  },
  {
    "value": "Acadia National Park",
    "synonyms": [
      "Acadia National Park"
    ]
  },
  {
    "value": "Big Bend National Park",
    "synonyms": [
      "Big Bend National Park"
    ]
  },
  {
    "value": "Biscayne National Park",
    "synonyms": [
      "Biscayne National Park"
    ]
  },
  {
    "value": "Black Canyon Of The Gunnison",
    "synonyms": [
      "Black Canyon Of The Gunnison"
    ]
  },
  {
    "value": "Bryce Canyon National Park",
    "synonyms": [
      "Bryce Canyon National Park"
    ]
  },
  {
    "value": "Canyonlands National Park",
    "synonyms": [
      "Canyonlands National Park"
    ]
  },
  {
    "value": "Capitol Reef National Park",
    "synonyms": [
      "Capitol Reef National Park"
    ]
  }
]