[
  {
    "id": "a5d1a083-9ca5-421e-866b-06b5f9be37aa",
    "data": [
      {
        "text": "Can you check and find me the current time alerts at ",
        "userDefined": false
      },
      {
        "text": "grand canyon",
        "meta": "@parkName",
        "alias": "parkName",
        "userDefined": false
      },
      {
        "text": "?",
        "userDefined": false
      }
    ],
    "isTemplate": false,
    "count": 0,
    "lang": "en",
    "updated": 0
  },
  {
    "id": "f55247be-80ba-4c45-bea9-0be9d4e99a53",
    "data": [
      {
        "text": "what are the current alerts at ",
        "userDefined": false
      },
      {
        "text": "mount rainier",
        "meta": "@parkName",
        "alias": "parkName",
        "userDefined": false
      },
      {
        "text": "?",
        "userDefined": false
      }
    ],
    "isTemplate": false,
    "count": 0,
    "lang": "en",
    "updated": 0
  },
  {
    "id": "37230fef-9fc5-400a-bcb1-76f6819ac655",
    "data": [
      {
        "text": "Tell me about alerts at ",
        "userDefined": false
      },
      {
        "text": "yellowstone national park",
        "meta": "@parkName",
        "alias": "parkName",
        "userDefined": false
      },
      {
        "text": "?",
        "userDefined": false
      }
    ],
    "isTemplate": false,
    "count": 0,
    "lang": "en",
    "updated": 0
  }
]