[
  {
    "id": "8ed51e42-4fe4-48be-ac60-b30d21529c2a",
    "data": [
      {
        "text": "What are the available activities at ",
        "userDefined": false
      },
      {
        "text": "glacier national park",
        "meta": "@parkName",
        "alias": "parkName",
        "userDefined": true
      },
      {
        "text": "?",
        "userDefined": false
      }
    ],
    "isTemplate": false,
    "count": 0,
    "lang": "en",
    "updated": 0
  },
  {
    "id": "0544f812-b00f-4035-9693-710a36318ced",
    "data": [
      {
        "text": "Which activities i can do at ",
        "userDefined": false
      },
      {
        "text": "crater lake",
        "meta": "@parkName",
        "alias": "parkName",
        "userDefined": false
      },
      {
        "text": "?",
        "userDefined": false
      }
    ],
    "isTemplate": false,
    "count": 0,
    "lang": "en",
    "updated": 0
  }
]