[
  {
    "id": "74319406-d2e1-4ac0-9c26-194532cb7446",
    "data": [
      {
        "text": "what is the temperature at ",
        "userDefined": false
      },
      {
        "text": "Yellowston nation park",
        "meta": "@parkName",
        "alias": "parkName",
        "userDefined": true
      },
      {
        "text": "?",
        "userDefined": false
      }
    ],
    "isTemplate": false,
    "count": 0,
    "lang": "en",
    "updated": 0
  },
  {
    "id": "c24dd605-54c2-4469-b6b6-a41c0146ce84",
    "data": [
      {
        "text": "What is the weather at ",
        "userDefined": false
      },
      {
        "text": "crater lake",
        "meta": "@parkName",
        "alias": "parkName",
        "userDefined": true
      },
      {
        "text": "?",
        "userDefined": false
      }
    ],
    "isTemplate": false,
    "count": 0,
    "lang": "en",
    "updated": 0
  },
  {
    "id": "841f5d5e-dce7-480c-950e-80297ddb34cc",
    "data": [
      {
        "text": "Tell me about the weather at ",
        "userDefined": false
      },
      {
        "text": "mount rainier national park",
        "meta": "@parkName",
        "alias": "parkName",
        "userDefined": true
      },
      {
        "text": "?",
        "userDefined": false
      }
    ],
    "isTemplate": false,
    "count": 0,
    "lang": "en",
    "updated": 0
  }
]