[
  {
    "id": "22ba6654-ca86-411e-a4d2-f3ccd99b11bb",
    "data": [
      {
        "text": "give me the list of the national ",
        "userDefined": false
      },
      {
        "text": "parks",
        "userDefined": true
      },
      {
        "text": " in ",
        "userDefined": false
      },
      {
        "text": "Washington",
        "meta": "@sys.geo-state-us",
        "alias": "geo-state-us",
        "userDefined": true
      },
      {
        "text": " state.",
        "userDefined": false
      }
    ],
    "isTemplate": false,
    "count": 0,
    "lang": "en",
    "updated": 0
  }
]