[
  {
    "id": "f0c1df8e-d7e2-4d06-9d22-923a38c12e3f",
    "data": [
      {
        "text": "List parks with ",
        "userDefined": false
      },
      {
        "text": "park closure",
        "meta": "@alertType",
        "alias": "alertType",
        "userDefined": true
      },
      {
        "text": " alerts?",
        "userDefined": false
      }
    ],
    "isTemplate": false,
    "count": 0,
    "lang": "en",
    "updated": 0
  },
  {
    "id": "6cbe1a4b-422c-429b-9422-30af373eb52f",
    "data": [
      {
        "text": "Which national parks have ",
        "userDefined": false
      },
      {
        "text": "danger",
        "meta": "@alertType",
        "alias": "alertType",
        "userDefined": true
      },
      {
        "text": " alerts?",
        "userDefined": false
      }
    ],
    "isTemplate": false,
    "count": 0,
    "lang": "en",
    "updated": 0
  }
]